{"meta": {"version": "7.3.2", "timestamp": "2026-02-05T12:45:09.873325", "branch_coverage": false, "show_contexts": false}, "files": {"db.py": {"executed_lines": [1, 2, 3, 4, 5, 7, 8, 9, 10, 13, 14, 15, 16, 17, 20, 21, 22, 23, 24, 25, 26, 27, 28, 30, 31, 32, 33, 34, 35, 36, 37, 38, 39, 41, 42, 43, 44, 45, 46, 48, 49, 50, 51, 52, 53, 54, 55, 56, 60, 61, 65, 66, 67, 68, 69, 70, 71, 72, 74, 75, 77, 78, 79, 80, 81, 82, 84, 85, 86, 87, 88, 89, 90, 91, 92, 94, 95, 97, 98, 99, 100, 101, 102, 103, 105, 106, 108, 109, 110, 111, 112, 114, 115, 117, 118, 120, 121, 124, 128], "summary": {"covered_lines": 99, "num_statements": 103, "percent_covered": 96.11650485436893, "percent_covered_display": "96", "missing_lines": 4, "excluded_lines": 0}, "missing_lines": [129, 130, 131, 133], "excluded_lines": []}, "main.py": {"executed_lines": [1, 2, 3, 4, 5, 6, 7, 8, 9, 10, 11, 12, 13, 14, 16, 20, 24, 33, 34, 36, 39, 44, 45, 46, 47, 49, 50, 52, 53, 54, 55, 56, 57, 60, 62, 63, 64, 65, 69, 70, 71, 72, 73, 76, 77, 78, 79, 80, 83, 84, 86, 97, 98, 99, 102, 103, 109, 110, 111, 112, 120, 121, 122, 123, 125, 126, 132, 133, 134, 136, 137, 140, 141, 142, 143, 152, 153, 156, 160, 161, 162, 163, 164, 166, 167, 168, 170, 171, 172, 173, 174, 175, 176, 178, 179, 180, 181, 182, 186, 187, 189, 190, 191, 192, 196, 199, 200, 201, 203, 204, 206, 208, 209, 210, 212, 213, 214, 216, 217, 218, 221, 222, 223, 225, 226, 230, 231, 232, 233, 234, 236, 237, 248, 251, 252, 253, 258, 259, 260, 265, 271, 272, 273, 278, 279, 281, 282, 283, 285, 286, 288, 297, 298, 299, 301, 302, 304, 308, 309, 311, 314, 315, 317, 318, 320, 322, 323, 324, 326, 327, 329, 338, 339, 341, 342, 344, 345, 346, 348, 349, 351, 353, 355, 356, 358, 359, 361, 363, 366, 368, 373, 375, 376, 377, 379, 380, 382, 384, 386, 387, 392, 393, 394, 396, 397, 403, 406, 413, 414, 416, 417, 419, 420, 423, 424, 425, 427, 429, 430, 432, 433, 443, 444, 446, 447, 448, 458, 459, 460, 461, 464, 465, 466, 467, 468, 472, 473, 474, 477, 478, 480, 481, 483, 484, 486, 493, 494, 496, 497, 499, 500, 501, 502, 510, 511, 514, 515, 517, 518, 519, 520, 521, 522, 529, 530, 532, 533, 537, 538, 539, 540, 544, 548, 550, 551, 553, 554, 557], "summary": {"covered_lines": 278, "num_statements": 300, "percent_covered": 92.66666666666667, "percent_covered_display": "93", "missing_lines": 22, "excluded_lines": 0}, "missing_lines": [58, 59, 81, 138, 144, 145, 154, 155, 157, 158, 183, 249, 364, 404, 534, 535, 541, 542, 545, 546, 558, 559], "excluded_lines": []}, "tests\\conftest.py": {"executed_lines": [1, 6, 7, 8, 9, 10, 11, 12, 14, 15, 16, 19, 21, 22, 23, 24, 25, 26, 27, 30, 61, 63, 64, 65, 67, 70, 71, 73, 76, 77, 79, 82, 83, 85, 87, 88, 90, 92, 93, 94, 95, 100, 101, 103, 105, 107, 108, 110, 113, 114, 116, 117, 118, 120, 123, 124, 126, 127, 129, 130, 131, 132, 133, 136, 137, 139, 141, 149, 150, 151, 152, 155, 156, 158, 162, 165, 166, 168, 171, 172, 174, 175, 177, 178, 179, 180, 181, 184, 185, 187, 189, 197, 198, 199, 200, 203, 204, 206, 208, 216, 217, 218, 219, 222, 223, 225, 226, 227], "summary": {"covered_lines": 107, "num_statements": 131, "percent_covered": 81.6793893129771, "percent_covered_display": "82", "missing_lines": 24, "excluded_lines": 0}, "missing_lines": [32, 33, 34, 36, 37, 38, 39, 40, 41, 44, 45, 46, 47, 48, 49, 51, 52, 53, 54, 55, 56, 58, 96, 97], "excluded_lines": []}, "tests\\test_authentication.py": {"executed_lines": [1, 6, 9, 10, 11, 13, 15, 16, 17, 19, 21, 25, 26, 28, 30, 34, 35, 37, 39, 43, 44, 46, 48, 52, 53, 55, 57, 61, 63, 65, 69, 71, 73, 74, 75, 77, 79, 80, 81, 83, 85, 86], "summary": {"covered_lines": 40, "num_statements": 40, "percent_covered": 100.0, "percent_covered_display": "100", "missing_lines": 0, "excluded_lines": 0}, "missing_lines": [], "excluded_lines": []}, "tests\\test_cancellation.py": {"executed_lines": [1, 6, 9, 10, 11, 13, 15, 19, 21, 23, 27, 29, 31, 35, 37, 39, 41, 42, 44, 45, 47, 49, 51, 59, 60, 61, 63, 67, 70, 71, 73, 75, 77, 85, 86, 87, 89, 93, 95, 97, 99, 107, 108, 109, 111, 115], "summary": {"covered_lines": 44, "num_statements": 44, "percent_covered": 100.0, "percent_covered_display": "100", "missing_lines": 0, "excluded_lines": 0}, "missing_lines": [], "excluded_lines": []}, "tests\\test_delivery.py": {"executed_lines": [1, 6, 9, 10, 11, 13, 15, 17, 25, 26, 28, 32, 34, 36, 38, 46, 47, 49, 53, 55, 57, 58, 60, 68, 69, 71, 75, 77, 81, 83, 87, 89, 91, 99, 100, 101, 103, 105, 106, 107, 109, 111, 113, 121, 122, 124, 128, 130, 132, 134, 142, 143, 145], "summary": {"covered_lines": 51, "num_statements": 59, "percent_covered": 86.44067796610169, "percent_covered_display": "86", "missing_lines": 8, "excluded_lines": 0}, "missing_lines": [72, 73, 78, 79, 84, 85, 146, 147], "excluded_lines": []}, "tests\\test_integration.py": {"executed_lines": [1, 6, 9, 10, 11, 13, 15, 19, 21, 25, 27, 28, 30, 33, 35, 37, 42, 47, 49, 52, 54, 56, 60, 62, 63, 65, 69, 71, 73, 83, 84, 87, 89, 93, 95, 97, 99, 104, 107, 109, 113, 115, 118, 120, 122, 127, 131, 133, 135, 137, 147, 151, 155, 160, 161, 164, 166, 168, 170, 174, 175, 177, 181, 183, 186, 188, 190, 192, 197, 198, 200, 205, 209, 213, 214], "summary": {"covered_lines": 73, "num_statements": 73, "percent_covered": 100.0, "percent_covered_display": "100", "missing_lines": 0, "excluded_lines": 0}, "missing_lines": [], "excluded_lines": []}, "tests\\test_orders.py": {"executed_lines": [1, 6, 9, 10, 11, 13, 15, 19, 21, 23, 27, 29, 31, 35, 37, 39, 43, 45, 47, 51, 55, 57, 59, 60, 62, 64, 68, 70, 72, 74, 79, 82, 83, 85, 87, 91, 93, 95, 96], "summary": {"covered_lines": 37, "num_statements": 37, "percent_covered": 100.0, "percent_covered_display": "100", "missing_lines": 0, "excluded_lines": 0}, "missing_lines": [], "excluded_lines": []}, "tests\\test_password.py": {"executed_lines": [1, 6, 9, 10, 11, 13, 15, 16, 18, 20, 24, 26, 28, 32, 33, 35, 37, 41, 42, 44, 46, 50, 51, 53, 55, 59, 60, 62, 64, 69, 73, 75, 77, 82, 86, 87, 89, 91, 95], "summary": {"covered_lines": 37, "num_statements": 37, "percent_covered": 100.0, "percent_covered_display": "100", "missing_lines": 0, "excluded_lines": 0}, "missing_lines": [], "excluded_lines": []}, "tests\\test_payment.py": {"executed_lines": [1, 6, 9, 10, 11, 13, 15, 16, 18, 20, 24, 25, 27, 29, 30, 32, 34, 38, 39, 40, 42, 44, 48, 49, 52, 54, 56, 60, 61, 64, 66, 68, 71, 73, 75, 77, 81, 82, 84, 87, 89, 91, 93, 97, 98, 100, 103, 105, 107, 109, 113, 114, 116, 117, 118, 120, 122, 124, 128, 129, 131, 132, 134, 136, 138, 146, 147, 148, 150, 154, 159, 160, 162, 163, 164], "summary": {"covered_lines": 73, "num_statements": 73, "percent_covered": 100.0, "percent_covered_display": "100", "missing_lines": 0, "excluded_lines": 0}, "missing_lines": [], "excluded_lines": []}, "tests\\test_products.py": {"executed_lines": [1, 6, 7, 10, 11, 12, 14, 16, 17, 19, 21, 22, 24, 26, 27, 29, 31, 32, 34, 36, 45, 47, 49, 53, 54, 56, 58, 67, 68, 70, 72, 81, 82, 84, 86, 95, 96, 98, 100, 109, 110, 112, 114, 123, 125, 127, 136], "summary": {"covered_lines": 45, "num_statements": 45, "percent_covered": 100.0, "percent_covered_display": "100", "missing_lines": 0, "excluded_lines": 0}, "missing_lines": [], "excluded_lines": []}, "tests\\test_registration.py": {"executed_lines": [1, 6, 9, 10, 11, 13, 15, 19, 21, 23, 27, 29, 31, 35, 37, 39, 43, 45, 47, 51, 56, 58, 60, 61, 63, 65, 69, 71, 73, 75, 80, 86, 87, 89, 91, 95, 97, 99, 100], "summary": {"covered_lines": 37, "num_statements": 37, "percent_covered": 100.0, "percent_covered_display": "100", "missing_lines": 0, "excluded_lines": 0}, "missing_lines": [], "excluded_lines": []}, "tests\\test_utils.py": {"executed_lines": [1, 6, 7, 10, 11, 12, 14, 16, 17, 18, 19, 21, 23, 24, 25, 27, 29, 30, 31, 33, 35, 36, 37, 39, 41, 42, 43, 44, 46, 48, 49, 50, 51, 52, 54, 56, 57, 58, 60, 62, 63, 64, 66, 68, 69, 70, 71, 73, 75, 76, 77, 79, 81, 82, 83, 85, 87, 88, 89, 91, 93, 94, 95, 96, 97], "summary": {"covered_lines": 63, "num_statements": 63, "percent_covered": 100.0, "percent_covered_display": "100", "missing_lines": 0, "excluded_lines": 0}, "missing_lines": [],