{
    "meta": 
        {
            "version": "7.3.2", 
            "timestamp": "2026-02-05T11:25:43.158530", 
            "branch_coverage": false, 
            "show_contexts": false
        }, 
    "files": 
        {
            "alter.py": 
            {
                "executed_lines": [], 
                "summary": 
                    {
                        "covered_lines": 0, 
                        "num_statements": 7, 
                        "percent_covered": 0.0, 
                        "percent_covered_display": "0", 
                        "missing_lines": 7, 
                        "excluded_lines": 0
                    }, 

                "missing_lines": [1, 5, 6, 8, 9, 10, 12], 
                "excluded_lines": []
                
            }, 
                "db.py": 
                {
                    "executed_lines": [1, 2, 3, 4, 5, 7, 8, 9, 10, 13, 14, 15, 16, 17, 20, 21, 22, 23, 24, 25, 26, 27, 28, 30, 31, 32, 33, 34, 35, 36, 37, 38, 39, 41, 42, 43, 44, 45, 46, 48, 49, 50, 51, 52, 53, 54, 55, 56, 60, 61, 65, 66, 67, 68, 69, 70, 71, 72, 74, 75, 77, 78, 79, 80, 81, 82, 84, 85, 86, 87, 88, 89, 90, 91, 92, 94, 95, 97, 98, 99, 100, 101, 102, 103, 105, 106, 108, 109, 110, 111, 112, 114, 115, 117, 118, 120, 121, 124, 128], 
                    "summary": 
                    {
                        "covered_lines": 99, 
                        "num_statements": 103, 
                        "percent_covered": 96.11650485436893, 
                        "percent_covered_display": "96", 
                        "missing_lines": 4, 
                        "excluded_lines": 0
                    }, 
                    "missing_lines": [129, 130, 131, 133], 
                    "excluded_lines": []
                }, 
                "main.py": 
                {
                    "executed_lines": [1, 2, 3, 4, 5, 6, 7, 8, 9, 10, 11, 12, 13, 15, 19, 23, 32, 33, 35, 38, 43, 44, 45, 46, 48, 49, 51, 52, 53, 54, 55, 56, 59, 61, 62, 63, 64, 68, 69, 70, 71, 72, 75, 76, 77, 78, 79, 82, 83, 85, 96, 97, 98, 101, 102, 108, 109, 110, 111, 119, 120, 121, 122, 124, 125, 131, 132, 133, 135, 136, 139, 140, 141, 142, 151, 152, 155, 159, 160, 161, 162, 163, 165, 166, 167, 169, 170, 171, 172, 173, 174, 175, 177, 178, 179, 180, 181, 185, 186, 188, 189, 190, 191, 195, 198, 199, 200, 202, 203, 205, 207, 208, 209, 211, 212, 213, 215, 216, 217, 220, 221, 222, 224, 225, 229, 230, 231, 232, 233, 235, 236, 248, 249, 250, 252, 253, 254, 257, 258, 259, 260, 262, 263, 264, 268, 269, 270, 271, 272, 274, 275, 282, 283, 285, 288, 289, 291, 292, 294, 296, 297, 298, 300, 301, 303, 312, 313, 315, 316, 318, 319, 320, 322, 323, 325, 327, 329, 330, 332, 333, 335, 337, 340, 342, 347, 349, 350, 351, 353, 354, 356, 358, 360, 361, 366, 367, 368, 370, 371, 377, 380, 387, 388, 390, 391, 393, 394, 397, 398, 399, 401, 403, 404, 406, 407, 417, 418, 420, 421, 422, 432, 433, 434, 435, 438, 439, 440, 441, 442, 446, 447, 448, 451, 452, 454, 455, 457, 458, 460, 467, 468, 470, 471, 473, 474, 475, 476, 484, 485, 488, 489, 491, 492, 493, 494, 495, 496, 503, 504, 506, 507, 511, 512, 513, 514, 518, 522, 524, 525, 527, 528, 531], 
                    "summary": 
                    {
                        "covered_lines": 272, 
                        "num_statements": 293, 
                        "percent_covered": 92.83276450511946, 
                        "percent_covered_display": "93", 
                        "missing_lines": 21, 
                        "excluded_lines": 0
                    }, 
                    "missing_lines": [57, 58, 80, 137, 143, 144, 153, 154, 156, 157, 182, 338, 378, 508, 509, 515, 516, 519, 520, 532, 533], 
                    "excluded_lines": []
                }, 
                "tests\\conftest.py": 
                {
                    "executed_lines": [1, 6, 7, 8, 9, 10, 11, 12, 15, 16, 17, 20, 22, 23, 24, 25, 26, 27, 28, 31, 64, 66, 67, 68, 70, 73, 74, 76, 79, 80, 82, 85, 86, 88, 91, 92, 94, 97, 98, 99, 100, 105, 106, 108, 110, 112, 113, 115, 118, 119, 121, 122, 123, 125, 128, 129, 131, 132, 134, 135, 136, 137, 138, 141, 142, 144, 146, 154, 155, 156, 157, 160, 161, 163, 167, 170, 171, 173, 176, 177, 179, 180, 182, 183, 184, 185, 186, 189, 190, 192, 194, 202, 203, 204, 205, 208, 209, 211, 213, 221, 222, 223, 224, 227, 228, 230, 231, 232], 
                    "summary": 
                    {
                        "covered_lines": 107, 
                        "num_statements": 131, 
                        "percent_covered": 81.6793893129771, 
                        "percent_covered_display": "82", 
                        "missing_lines": 24, 
                        "excluded_lines": 0
                    }, 
                    "missing_lines": [33, 34, 35, 38, 39, 40, 41, 42, 43, 46, 47, 48, 49, 50, 51, 54, 55, 56, 57, 58, 59, 61, 101, 102], 
                    "excluded_lines": []
                    }, 
                    "tests\\test_authentication.py": 
                    {
                        "executed_lines": [1, 6, 9, 10, 11, 13, 15, 16, 17, 19, 21, 25, 26, 28, 30, 34, 35, 37, 39, 43, 44, 46, 48, 52, 53, 55, 57, 61, 63, 65, 69, 71, 73, 74, 75, 77, 79, 81, 82, 84, 86, 87], 
                        "summary": 
                        {
                            "covered_lines": 40, 
                            "num_statements": 40, 
                            "percent_covered": 100.0, 
                            "percent_covered_display": "100", 
                            "missing_lines": 0, 
                            "excluded_lines": 0
                            }, 
                            "missing_lines": [], 
                            "excluded_lines": []
                            }, 
                            "tests\\test_cancellation.py": 
                            {
                                "executed_lines": [1, 6, 9, 10, 11, 13, 15, 19, 21, 23, 27, 29, 31, 35, 37, 39, 41, 42, 44, 45, 47, 49, 52, 60, 61, 62, 64, 68, 71, 72, 74, 76, 78, 86, 87, 88, 90, 94, 96, 98, 100, 108, 109, 110, 112, 116], 
                                "summary": 
                                {
                                    "covered_lines": 44, 
                                    "num_statements": 44, 
                                    "percent_covered": 100.0, 
                                    "percent_covered_display": "100", 
                                    "missing_lines": 0, 
                                    "excluded_lines": 0
                                }, 
                                "missing_lines": [], 
                                "excluded_lines": []
                                }, 
                                "tests\\test_delivery.py": 
                                {
                                    "executed_lines": [1, 6, 9, 10, 11, 13, 15, 17, 25, 26, 28, 32, 34, 36, 38, 46, 47, 49, 53, 55, 57, 58, 59, 61, 69, 70, 73, 77, 79, 83, 85, 89, 91, 93, 101, 102, 103, 105, 108, 109, 110, 112, 114, 117, 125, 126, 128, 132, 134, 136, 138, 146, 147, 149], 
                                    "summary": 
                                    {
                                        "covered_lines": 52, 
                                        "num_statements": 60, 
                                        "percent_covered": 86.66666666666667, 
                                        "percent_covered_display": "87", 
                                        "missing_lines": 8, 
                                        "excluded_lines": 0
                                    }, 
                                    "missing_lines": [74, 75, 80, 81, 86, 87, 150, 151], 
                                    "excluded_lines": []
                                }, 
                                "tests\\test_discount.py": 
                                {
                                    "executed_lines": [0],